hello-builder, ghcr.io/ocicl/clog@sha256:02bab28c5af163e003315e532969e94bb9aa730aea6d4670761efdac3785fa6e, clog-20241126-961b87f/tutorial/28-tutorial/hello-builder/hello-builder.asd
hello-clog, ghcr.io/ocicl/clog@sha256:02bab28c5af163e003315e532969e94bb9aa730aea6d4670761efdac3785fa6e, clog-20241126-961b87f/tutorial/13-tutorial/hello-clog/hello-clog.asd
clog, ghcr.io/ocicl/clog@sha256:02bab28c5af163e003315e532969e94bb9aa730aea6d4670761efdac3785fa6e, clog-20241126-961b87f/clog.asd
t-clack-handler-wookie, ghcr.io/ocicl/clack@sha256:9457bea28f1ee9c49a7626c2ee23c181b5af3636b5e64a27a46ef8535818947f, clack-20241101-935be5b/t-clack-handler-wookie.asd
t-clack-handler-toot, ghcr.io/ocicl/clack@sha256:9457bea28f1ee9c49a7626c2ee23c181b5af3636b5e64a27a46ef8535818947f, clack-20241101-935be5b/t-clack-handler-toot.asd
t-clack-handler-hunchentoot, ghcr.io/ocicl/clack@sha256:9457bea28f1ee9c49a7626c2ee23c181b5af3636b5e64a27a46ef8535818947f, clack-20241101-935be5b/t-clack-handler-hunchentoot.asd
clack, ghcr.io/ocicl/clack@sha256:9457bea28f1ee9c49a7626c2ee23c181b5af3636b5e64a27a46ef8535818947f, clack-20241101-935be5b/clack.asd
clack-test, ghcr.io/ocicl/clack@sha256:9457bea28f1ee9c49a7626c2ee23c181b5af3636b5e64a27a46ef8535818947f, clack-20241101-935be5b/clack-test.asd
clack-socket, ghcr.io/ocicl/clack@sha256:9457bea28f1ee9c49a7626c2ee23c181b5af3636b5e64a27a46ef8535818947f, clack-20241101-935be5b/clack-socket.asd
clack-handler-wookie, ghcr.io/ocicl/clack@sha256:9457bea28f1ee9c49a7626c2ee23c181b5af3636b5e64a27a46ef8535818947f, clack-20241101-935be5b/clack-handler-wookie.asd
clack-handler-toot, ghcr.io/ocicl/clack@sha256:9457bea28f1ee9c49a7626c2ee23c181b5af3636b5e64a27a46ef8535818947f, clack-20241101-935be5b/clack-handler-toot.asd
clack-handler-hunchentoot, ghcr.io/ocicl/clack@sha256:9457bea28f1ee9c49a7626c2ee23c181b5af3636b5e64a27a46ef8535818947f, clack-20241101-935be5b/clack-handler-hunchentoot.asd
lack, ghcr.io/ocicl/lack@sha256:4aac8f468f06a04bc9d165371ce4b80e590dbd7532090ec420042f58489995db, lack-20240919-866b5f5/lack.asd
lack-util, ghcr.io/ocicl/lack@sha256:4aac8f468f06a04bc9d165371ce4b80e590dbd7532090ec420042f58489995db, lack-20240919-866b5f5/lack-util.asd
lack-util-writer-stream, ghcr.io/ocicl/lack@sha256:4aac8f468f06a04bc9d165371ce4b80e590dbd7532090ec420042f58489995db, lack-20240919-866b5f5/lack-util-writer-stream.asd
lack-test, ghcr.io/ocicl/lack@sha256:4aac8f468f06a04bc9d165371ce4b80e590dbd7532090ec420042f58489995db, lack-20240919-866b5f5/lack-test.asd
lack-session-store-redis, ghcr.io/ocicl/lack@sha256:4aac8f468f06a04bc9d165371ce4b80e590dbd7532090ec420042f58489995db, lack-20240919-866b5f5/lack-session-store-redis.asd
lack-session-store-dbi, ghcr.io/ocicl/lack@sha256:4aac8f468f06a04bc9d165371ce4b80e590dbd7532090ec420042f58489995db, lack-20240919-866b5f5/lack-session-store-dbi.asd
lack-response, ghcr.io/ocicl/lack@sha256:4aac8f468f06a04bc9d165371ce4b80e590dbd7532090ec420042f58489995db, lack-20240919-866b5f5/lack-response.asd
lack-request, ghcr.io/ocicl/lack@sha256:4aac8f468f06a04bc9d165371ce4b80e590dbd7532090ec420042f58489995db, lack-20240919-866b5f5/lack-request.asd
lack-middleware-static, ghcr.io/ocicl/lack@sha256:4aac8f468f06a04bc9d165371ce4b80e590dbd7532090ec420042f58489995db, lack-20240919-866b5f5/lack-middleware-static.asd
lack-middleware-session, ghcr.io/ocicl/lack@sha256:4aac8f468f06a04bc9d165371ce4b80e590dbd7532090ec420042f58489995db, lack-20240919-866b5f5/lack-middleware-session.asd
lack-middleware-mount, ghcr.io/ocicl/lack@sha256:4aac8f468f06a04bc9d165371ce4b80e590dbd7532090ec420042f58489995db, lack-20240919-866b5f5/lack-middleware-mount.asd
lack-middleware-dbpool, ghcr.io/ocicl/lack@sha256:4aac8f468f06a04bc9d165371ce4b80e590dbd7532090ec420042f58489995db, lack-20240919-866b5f5/lack-middleware-dbpool.asd
lack-middleware-csrf, ghcr.io/ocicl/lack@sha256:4aac8f468f06a04bc9d165371ce4b80e590dbd7532090ec420042f58489995db, lack-20240919-866b5f5/lack-middleware-csrf.asd
lack-middleware-backtrace, ghcr.io/ocicl/lack@sha256:4aac8f468f06a04bc9d165371ce4b80e590dbd7532090ec420042f58489995db, lack-20240919-866b5f5/lack-middleware-backtrace.asd
lack-middleware-auth-basic, ghcr.io/ocicl/lack@sha256:4aac8f468f06a04bc9d165371ce4b80e590dbd7532090ec420042f58489995db, lack-20240919-866b5f5/lack-middleware-auth-basic.asd
lack-middleware-accesslog, ghcr.io/ocicl/lack@sha256:4aac8f468f06a04bc9d165371ce4b80e590dbd7532090ec420042f58489995db, lack-20240919-866b5f5/lack-middleware-accesslog.asd
lack-component, ghcr.io/ocicl/lack@sha256:4aac8f468f06a04bc9d165371ce4b80e590dbd7532090ec420042f58489995db, lack-20240919-866b5f5/lack-component.asd
lack-app-file, ghcr.io/ocicl/lack@sha256:4aac8f468f06a04bc9d165371ce4b80e590dbd7532090ec420042f58489995db, lack-20240919-866b5f5/lack-app-file.asd
lack-app-directory, ghcr.io/ocicl/lack@sha256:4aac8f468f06a04bc9d165371ce4b80e590dbd7532090ec420042f58489995db, lack-20240919-866b5f5/lack-app-directory.asd
bordeaux-threads, ghcr.io/ocicl/bordeaux-threads@sha256:bbb32afe3987e102149cc019f4f7366a05f7a37d1503f5f86a27745e671c320a, bordeaux-threads-0.9.4/bordeaux-threads.asd
alexandria, ghcr.io/ocicl/iterate@sha256:f2601389961fa9d314a562d8cd47ba76b636910569aaa8aaadbb0753bc33a02b, iterate-20241205-26cf129/ext/alexandria/alexandria.asd
global-vars, ghcr.io/ocicl/global-vars@sha256:d197e871c9c9abc4bf31b1186f5fd28f0ca848ebe2e9dddf2d82ecee01dbdc65, global-vars-20240503-c749f32/global-vars.asd
global-vars-test, ghcr.io/ocicl/global-vars@sha256:d197e871c9c9abc4bf31b1186f5fd28f0ca848ebe2e9dddf2d82ecee01dbdc65, global-vars-20240503-c749f32/global-vars-test.asd
trivial-features, ghcr.io/ocicl/trivial-features@sha256:e278e24d39060fc7d3715531b16ddd9ab7f93f22ade53e436c0b86dbae3aa065, trivial-features-1.0/trivial-features.asd
trivial-features-tests, ghcr.io/ocicl/trivial-features@sha256:e278e24d39060fc7d3715531b16ddd9ab7f93f22ade53e436c0b86dbae3aa065, trivial-features-1.0/trivial-features-tests.asd
trivial-garbage, ghcr.io/ocicl/trivial-garbage@sha256:a85dcf4110ad60ae9f6c70970acceb2bf12402ce5326891643d35506059afb1d, trivial-garbage-20240503-3474f64/trivial-garbage.asd
usocket, ghcr.io/ocicl/usocket@sha256:015b8cdb91cdc25aefd08054e8ede6a5d054d10bc87916904cf0d0670b3f4a68, usocket-0.8.8/usocket.asd
usocket-test, ghcr.io/ocicl/usocket@sha256:015b8cdb91cdc25aefd08054e8ede6a5d054d10bc87916904cf0d0670b3f4a68, usocket-0.8.8/usocket-test.asd
usocket-server, ghcr.io/ocicl/usocket@sha256:015b8cdb91cdc25aefd08054e8ede6a5d054d10bc87916904cf0d0670b3f4a68, usocket-0.8.8/usocket-server.asd
split-sequence, ghcr.io/ocicl/split-sequence@sha256:3a37662eedd99c42995587b9d443c4631f25c4c523091bcca31a27b880585b8e, split-sequence-2.0.1/split-sequence.asd
swank, ghcr.io/ocicl/swank@sha256:1e634a3bf205e76372dfc4a789d42575195718180a3551536ef0e2c20caa5002, slime-2.30/swank.asd
websocket-driver, ghcr.io/ocicl/websocket-driver@sha256:210933b14a0155abf59cab2dd85c9c497858992d5eac86138e049269b92841f3, websocket-driver-20240709-17ba553/websocket-driver.asd
websocket-driver-server, ghcr.io/ocicl/websocket-driver@sha256:210933b14a0155abf59cab2dd85c9c497858992d5eac86138e049269b92841f3, websocket-driver-20240709-17ba553/websocket-driver-server.asd
websocket-driver-client, ghcr.io/ocicl/websocket-driver@sha256:210933b14a0155abf59cab2dd85c9c497858992d5eac86138e049269b92841f3, websocket-driver-20240709-17ba553/websocket-driver-client.asd
websocket-driver-base, ghcr.io/ocicl/websocket-driver@sha256:210933b14a0155abf59cab2dd85c9c497858992d5eac86138e049269b92841f3, websocket-driver-20240709-17ba553/websocket-driver-base.asd
fast-websocket, ghcr.io/ocicl/fast-websocket@sha256:046c8152322c407ba5362900a957733ed7531a0c00dab7c323dfcfacdd347a0c, fast-websocket-20240513-66ea866/fast-websocket.asd
fast-websocket-test, ghcr.io/ocicl/fast-websocket@sha256:046c8152322c407ba5362900a957733ed7531a0c00dab7c323dfcfacdd347a0c, fast-websocket-20240513-66ea866/fast-websocket-test.asd
fast-io, ghcr.io/ocicl/fast-io@sha256:7ba35a0eddf00b3c25656b3c5a93e95460f6cb8f807afbc04ef4f50076d95aff, fast-io-20240503-a4c5ad6/fast-io.asd
fast-io-test, ghcr.io/ocicl/fast-io@sha256:7ba35a0eddf00b3c25656b3c5a93e95460f6cb8f807afbc04ef4f50076d95aff, fast-io-20240503-a4c5ad6/fast-io-test.asd
trivial-gray-streams, ghcr.io/ocicl/trivial-gray-streams@sha256:d0cc9fb73876100ee60647524f98b5b22566fa1c3a985d79548b0d2b228f8b51, trivial-gray-streams-20240503-a7ead68/trivial-gray-streams.asd
trivial-gray-streams-test, ghcr.io/ocicl/trivial-gray-streams@sha256:d0cc9fb73876100ee60647524f98b5b22566fa1c3a985d79548b0d2b228f8b51, trivial-gray-streams-20240503-a7ead68/trivial-gray-streams-test.asd
static-vectors, ghcr.io/ocicl/static-vectors@sha256:53e11e5689c3dbea6a3017760b55f052588003d774913539930ddc4330a69970, static-vectors-20240624-3d9d89b/static-vectors.asd
uffi, ghcr.io/ocicl/cffi@sha256:fe1246d11c4c067daefdb143e1252e0f3e99046909185d2c920adb8323318742, cffi-20240811-32c90d4/uffi-compat/uffi.asd
cffi, ghcr.io/ocicl/cffi@sha256:fe1246d11c4c067daefdb143e1252e0f3e99046909185d2c920adb8323318742, cffi-20240811-32c90d4/cffi.asd
cffi-uffi-compat, ghcr.io/ocicl/cffi@sha256:fe1246d11c4c067daefdb143e1252e0f3e99046909185d2c920adb8323318742, cffi-20240811-32c90d4/cffi-uffi-compat.asd
cffi-toolchain, ghcr.io/ocicl/cffi@sha256:fe1246d11c4c067daefdb143e1252e0f3e99046909185d2c920adb8323318742, cffi-20240811-32c90d4/cffi-toolchain.asd
cffi-tests, ghcr.io/ocicl/cffi@sha256:fe1246d11c4c067daefdb143e1252e0f3e99046909185d2c920adb8323318742, cffi-20240811-32c90d4/cffi-tests.asd
cffi-libffi, ghcr.io/ocicl/cffi@sha256:fe1246d11c4c067daefdb143e1252e0f3e99046909185d2c920adb8323318742, cffi-20240811-32c90d4/cffi-libffi.asd
cffi-grovel, ghcr.io/ocicl/cffi@sha256:fe1246d11c4c067daefdb143e1252e0f3e99046909185d2c920adb8323318742, cffi-20240811-32c90d4/cffi-grovel.asd
cffi-examples, ghcr.io/ocicl/cffi@sha256:fe1246d11c4c067daefdb143e1252e0f3e99046909185d2c920adb8323318742, cffi-20240811-32c90d4/cffi-examples.asd
babel, ghcr.io/ocicl/babel@sha256:b505136744213e6b953913780a4b647da40e83818a10f41004846863b5037810, babel-20240606-23c1440/babel.asd
babel-tests, ghcr.io/ocicl/babel@sha256:b505136744213e6b953913780a4b647da40e83818a10f41004846863b5037810, babel-20240606-23c1440/babel-tests.asd
babel-streams, ghcr.io/ocicl/babel@sha256:b505136744213e6b953913780a4b647da40e83818a10f41004846863b5037810, babel-20240606-23c1440/babel-streams.asd
event-emitter, ghcr.io/ocicl/event-emitter@sha256:dc8a9abdd0ec681dcb611dddfe0b2e037dc60ac3cab6bbffbc438e803f0217bd, event-emitter-20240607-d8bd3d9/event-emitter.asd
event-emitter-test, ghcr.io/ocicl/event-emitter@sha256:dc8a9abdd0ec681dcb611dddfe0b2e037dc60ac3cab6bbffbc438e803f0217bd, event-emitter-20240607-d8bd3d9/event-emitter-test.asd
event-emitter-benchmark, ghcr.io/ocicl/event-emitter@sha256:dc8a9abdd0ec681dcb611dddfe0b2e037dc60ac3cab6bbffbc438e803f0217bd, event-emitter-20240607-d8bd3d9/event-emitter-benchmark.asd
sha1, ghcr.io/ocicl/sha1@sha256:d332af205bf3b5db2bdf8ea6df9f5127627343ce19bc313d00cfa2d80a5fb404, sha1-20240503-be8b1b1/sha1.asd
cl-base64, ghcr.io/ocicl/cl-base64@sha256:702412dbc1ed825e275fb23e22c29527eb786bf644e47c7621bf0dbb34e17c7e, cl-base64-20240503-80496b7/cl-base64.asd
cl-base64-tests, ghcr.io/ocicl/cl-base64@sha256:702412dbc1ed825e275fb23e22c29527eb786bf644e47c7621bf0dbb34e17c7e, cl-base64-20240503-80496b7/cl-base64-tests.asd
cl_plus_ssl.test, ghcr.io/ocicl/cl_plus_ssl@sha256:acb61e8e4d3efcb23f4d86405ad22fdca2d685268c664735c962646a09706ab6, cl-plus-ssl-20240505-17d5cdd/cl+ssl.test.asd
cl_plus_ssl, ghcr.io/ocicl/cl_plus_ssl@sha256:acb61e8e4d3efcb23f4d86405ad22fdca2d685268c664735c962646a09706ab6, cl-plus-ssl-20240505-17d5cdd/cl+ssl.asd
flexi-streams, ghcr.io/ocicl/flexi-streams@sha256:95005b06a8a95c82780c75ead53810bcb273d07fcf5fe76b527f1856df9923f2, flexi-streams-20240503-4951d57/flexi-streams.asd
flexi-streams-test, ghcr.io/ocicl/flexi-streams@sha256:95005b06a8a95c82780c75ead53810bcb273d07fcf5fe76b527f1856df9923f2, flexi-streams-20240503-4951d57/flexi-streams-test.asd
fast-http, ghcr.io/ocicl/fast-http@sha256:44e98b5239c0ded4921dc0b04ae272cff00583d93797a657543db782979eb50c, fast-http-20240503-2232fc9/fast-http.asd
fast-http-test, ghcr.io/ocicl/fast-http@sha256:44e98b5239c0ded4921dc0b04ae272cff00583d93797a657543db782979eb50c, fast-http-20240503-2232fc9/fast-http-test.asd
cl-utilities, ghcr.io/ocicl/cl-utilities@sha256:e5e0676a4e0627332a0fe64d56ed4f1890f0466d715a11e8d95561b4c2baa38f, cl-utilities-20240503-6b4de39/cl-utilities.asd
proc-parse, ghcr.io/ocicl/proc-parse@sha256:0880f9acb35eb9efbe1f77a981e36e84e8f29a22b14f680c7686eb381fa87bd6, proc-parse-20240503-3afe2b7/proc-parse.asd
proc-parse-test, ghcr.io/ocicl/proc-parse@sha256:0880f9acb35eb9efbe1f77a981e36e84e8f29a22b14f680c7686eb381fa87bd6, proc-parse-20240503-3afe2b7/proc-parse-test.asd
xsubseq, ghcr.io/ocicl/xsubseq@sha256:7605d14f7cc7fd2f63190ad81fe7bd65daef105d6728ee6bb59baef49da2aa51, xsubseq-20240503-5ce430b/xsubseq.asd
xsubseq-test, ghcr.io/ocicl/xsubseq@sha256:7605d14f7cc7fd2f63190ad81fe7bd65daef105d6728ee6bb59baef49da2aa51, xsubseq-20240503-5ce430b/xsubseq-test.asd
smart-buffer, ghcr.io/ocicl/smart-buffer@sha256:b8d194f5881c415fd7f0099b88dfd9e2158405c2966de15c716b155a364bf0f7, smart-buffer-20240503-619759d/smart-buffer.asd
smart-buffer-test, ghcr.io/ocicl/smart-buffer@sha256:b8d194f5881c415fd7f0099b88dfd9e2158405c2966de15c716b155a364bf0f7, smart-buffer-20240503-619759d/smart-buffer-test.asd
quri, ghcr.io/ocicl/quri@sha256:e2559f91600e4895e115b42dde88fcaac3677f051335d73431888dcf7af99f95, quri-0.7.0/quri.asd
quri-test, ghcr.io/ocicl/quri@sha256:e2559f91600e4895e115b42dde88fcaac3677f051335d73431888dcf7af99f95, quri-0.7.0/quri-test.asd
hunchentoot, ghcr.io/ocicl/hunchentoot@sha256:1dbccc1f9770d3d8917ef87d71720b4ec7f2d6bebf24a3072afca478b00b4427, hunchentoot-1.3.1/hunchentoot.asd
chunga, ghcr.io/ocicl/chunga@sha256:a59ccb3d13992748c676b8e3263256850ee626f98ac59adece5a142967b6f558, chunga-20240919-5cd13fe/chunga.asd
cl-fad, ghcr.io/ocicl/cl-fad@sha256:c0aaffc859e419e0a94cedb08f48c2484da404363fb0fe4ffd6e09a80aadafe1, cl-fad-0.7.6/cl-fad.asd
cl-ppcre, ghcr.io/ocicl/cl-ppcre@sha256:584907e0683621973579f397115945ef73e9d5b7afa77fae7cacecb3ad272f89, cl-ppcre-20240503-80fb19d/cl-ppcre.asd
cl-ppcre-unicode, ghcr.io/ocicl/cl-ppcre@sha256:584907e0683621973579f397115945ef73e9d5b7afa77fae7cacecb3ad272f89, cl-ppcre-20240503-80fb19d/cl-ppcre-unicode.asd
md5, ghcr.io/ocicl/md5@sha256:7d8a8d7af07a2bcbca05ad839555730a0e021c697bf13cc02279669c7a9b038b, md5-2.0.5/md5.asd
rfc2388, ghcr.io/ocicl/rfc2388@sha256:4190f6eb36b3b2f53def6eff56b44e76edf4086ada2feb6d88bb671a40fc9f70, rfc2388-20240503-591bcf7/rfc2388.asd
trivial-backtrace, ghcr.io/ocicl/iterate@sha256:f2601389961fa9d314a562d8cd47ba76b636910569aaa8aaadbb0753bc33a02b, iterate-20241205-26cf129/ext/trivial-backtrace/trivial-backtrace.asd
trivial-backtrace-test, ghcr.io/ocicl/iterate@sha256:f2601389961fa9d314a562d8cd47ba76b636910569aaa8aaadbb0753bc33a02b, iterate-20241205-26cf129/ext/trivial-backtrace/trivial-backtrace-test.asd
parse-float, ghcr.io/ocicl/parse-float@sha256:127149a306dfd407dc5794b3bbfc13456adc1c2ec8c29ac449ee43dfc8fe1d6b, parse-float-20240503-3074765/parse-float.asd
trivial-mimes, ghcr.io/ocicl/trivial-mimes@sha256:b33ae6d62bcd666d046e4ae1625b8e8b46a548fe2c4f18b4899ce1ecf581c17b, trivial-mimes-20240503-1a80193/trivial-mimes.asd
trivial-rfc-1123, ghcr.io/ocicl/trivial-rfc-1123@sha256:b77a6f744d8a431b3163c2e642e771a57d9fa4760e98db769316792e1b6a0160, trivial-rfc-1123-20240503-9ef59c3/trivial-rfc-1123.asd
http-body, ghcr.io/ocicl/http-body@sha256:9582cd3d8ee1720d13bbfc9be857a8e41c927aebf9882fc8a5a2842fa5f80ddd, http-body-20241126-6c84ce8/http-body.asd
http-body-test, ghcr.io/ocicl/http-body@sha256:9582cd3d8ee1720d13bbfc9be857a8e41c927aebf9882fc8a5a2842fa5f80ddd, http-body-20241126-6c84ce8/http-body-test.asd
yason, ghcr.io/ocicl/yason@sha256:c15551fa9fa754a2be2e3c0efbc3619482e7327c6b43744578b6d9e2bc02e138, yason-20241012-cbad2f6/yason.asd
yason-tests, ghcr.io/ocicl/yason@sha256:c15551fa9fa754a2be2e3c0efbc3619482e7327c6b43744578b6d9e2bc02e138, yason-20241012-cbad2f6/yason-tests.asd
circular-streams, ghcr.io/ocicl/circular-streams@sha256:4e63fd6b983fea03cc2b71af8b22cdc492ea4393538ca5b4cec762a561e15060, circular-streams-20240503-e770bad/circular-streams.asd
circular-streams-test, ghcr.io/ocicl/circular-streams@sha256:4e63fd6b983fea03cc2b71af8b22cdc492ea4393538ca5b4cec762a561e15060, circular-streams-20240503-e770bad/circular-streams-test.asd
closer-mop, ghcr.io/ocicl/closer-mop@sha256:9fe70f942768c2503f5c2ec7e4282f3621f0b2db4d6ae9c00a486e04a6b96148, closer-mop-20241201-22b2e5b/closer-mop.asd
test-systems, ghcr.io/ocicl/mgl-pax@sha256:8e6fcac56626df48fac5f390cbfff7b2b095ee35d395415433a04fbfb52fb143, mgl-pax-20240517-6bfd77d/test/test-systems.asd
dref, ghcr.io/ocicl/mgl-pax@sha256:8e6fcac56626df48fac5f390cbfff7b2b095ee35d395415433a04fbfb52fb143, mgl-pax-20240517-6bfd77d/dref/dref.asd
dref-test, ghcr.io/ocicl/mgl-pax@sha256:8e6fcac56626df48fac5f390cbfff7b2b095ee35d395415433a04fbfb52fb143, mgl-pax-20240517-6bfd77d/dref/dref-test.asd
mgl-pax.asdf, ghcr.io/ocicl/mgl-pax@sha256:8e6fcac56626df48fac5f390cbfff7b2b095ee35d395415433a04fbfb52fb143, mgl-pax-20240517-6bfd77d/mgl-pax.asdf.asd
mgl-pax, ghcr.io/ocicl/mgl-pax@sha256:8e6fcac56626df48fac5f390cbfff7b2b095ee35d395415433a04fbfb52fb143, mgl-pax-20240517-6bfd77d/mgl-pax.asd
mgl-pax-test, ghcr.io/ocicl/mgl-pax@sha256:8e6fcac56626df48fac5f390cbfff7b2b095ee35d395415433a04fbfb52fb143, mgl-pax-20240517-6bfd77d/mgl-pax-test.asd
mgl-pax-bootstrap, ghcr.io/ocicl/mgl-pax@sha256:8e6fcac56626df48fac5f390cbfff7b2b095ee35d395415433a04fbfb52fb143, mgl-pax-20240517-6bfd77d/mgl-pax-bootstrap.asd
named-readtables, ghcr.io/ocicl/named-readtables@sha256:c13ae35d957cf55f8c877762a24537daee5e8322d9968b14f8c86e8cfc1b2df3, named-readtables-20230809-2c05652/named-readtables.asd
pythonic-string-reader, ghcr.io/ocicl/pythonic-string-reader@sha256:6f0c22694e7d6b2143d116eec0f568e775343167d35c1ed36d624e485f54b3e3, pythonic-string-reader-20240503-47a70ba/pythonic-string-reader.asd
cl-template, ghcr.io/ocicl/cl-template@sha256:77fe11d9e0a68bbc8333b94825145c8313dbeba422a71588f6d8e00e1d3807a4, cl-template-20240503-46193a9/cl-template.asd
atomics, ghcr.io/ocicl/atomics@sha256:e5a5f509d8fea842b324c67acae39923a88d5234e8002e5cdcf06395455f5d77, atomics-20240503-b747702/atomics.asd
atomics-test, ghcr.io/ocicl/atomics@sha256:e5a5f509d8fea842b324c67acae39923a88d5234e8002e5cdcf06395455f5d77, atomics-20240503-b747702/atomics-test.asd
multilang-documentation-utils, ghcr.io/ocicl/documentation-utils@sha256:b2a1b3f3bcd1a738af85ae2b0168d408c177661eab6d6bbebb254e394d983f54, documentation-utils-20230511-98630dd/multilang-documentation-utils.asd
documentation-utils, ghcr.io/ocicl/documentation-utils@sha256:b2a1b3f3bcd1a738af85ae2b0168d408c177661eab6d6bbebb254e394d983f54, documentation-utils-20230511-98630dd/documentation-utils.asd
trivial-indent, ghcr.io/ocicl/trivial-indent@sha256:f1ae624eb2ca37133912e9920587488ea6e2f1d6419ba4a1776e63c2bdff0fd9, trivial-indent-20240503-b5d490f/trivial-indent.asd
sqlite, ghcr.io/ocicl/sqlite@sha256:a7f80757e6ee13af06e2eeaeff1e079dba439d85ea5c7f68e262bccc40dcbd5c, cl-sqlite-0.2.1/sqlite.asd
sqlite-tests, ghcr.io/ocicl/sqlite@sha256:a7f80757e6ee13af06e2eeaeff1e079dba439d85ea5c7f68e262bccc40dcbd5c, cl-sqlite-0.2.1/sqlite-tests.asd
rt, ghcr.io/ocicl/iterate@sha256:f2601389961fa9d314a562d8cd47ba76b636910569aaa8aaadbb0753bc33a02b, iterate-20241205-26cf129/ext/rt/rt.asd
fiveam, ghcr.io/ocicl/iterate@sha256:f2601389961fa9d314a562d8cd47ba76b636910569aaa8aaadbb0753bc33a02b, iterate-20241205-26cf129/ext/fiveam/fiveam.asd
net.didierverna.asdf-flv, ghcr.io/ocicl/iterate@sha256:f2601389961fa9d314a562d8cd47ba76b636910569aaa8aaadbb0753bc33a02b, iterate-20241205-26cf129/ext/asdf-flv/net.didierverna.asdf-flv.asd
alexandria-tests, ghcr.io/ocicl/iterate@sha256:f2601389961fa9d314a562d8cd47ba76b636910569aaa8aaadbb0753bc33a02b, iterate-20241205-26cf129/ext/alexandria/alexandria-tests.asd
iterate, ghcr.io/ocicl/iterate@sha256:f2601389961fa9d314a562d8cd47ba76b636910569aaa8aaadbb0753bc33a02b, iterate-20241205-26cf129/iterate.asd
dbi, ghcr.io/ocicl/cl-dbi@sha256:2562e0b2c1ed9eed53113172ec62a564518a8987732862f638584928840f348f, cl-dbi-20240907-8dbd2cc/dbi.asd
dbi-test, ghcr.io/ocicl/cl-dbi@sha256:2562e0b2c1ed9eed53113172ec62a564518a8987732862f638584928840f348f, cl-dbi-20240907-8dbd2cc/dbi-test.asd
dbd-sqlite3, ghcr.io/ocicl/cl-dbi@sha256:2562e0b2c1ed9eed53113172ec62a564518a8987732862f638584928840f348f, cl-dbi-20240907-8dbd2cc/dbd-sqlite3.asd
dbd-postgres, ghcr.io/ocicl/cl-dbi@sha256:2562e0b2c1ed9eed53113172ec62a564518a8987732862f638584928840f348f, cl-dbi-20240907-8dbd2cc/dbd-postgres.asd
dbd-mysql, ghcr.io/ocicl/cl-dbi@sha256:2562e0b2c1ed9eed53113172ec62a564518a8987732862f638584928840f348f, cl-dbi-20240907-8dbd2cc/dbd-mysql.asd
cl-dbi, ghcr.io/ocicl/cl-dbi@sha256:2562e0b2c1ed9eed53113172ec62a564518a8987732862f638584928840f348f, cl-dbi-20240907-8dbd2cc/cl-dbi.asd
cl-pass, ghcr.io/ocicl/cl-pass@sha256:2fc31a528c9d889c7f69fddf2d54ebeeceb482b8df57d7258435e5451ce222d8, cl-pass-20240503-e58e97c/cl-pass.asd
cl-pass-test, ghcr.io/ocicl/cl-pass@sha256:2fc31a528c9d889c7f69fddf2d54ebeeceb482b8df57d7258435e5451ce222d8, cl-pass-20240503-e58e97c/cl-pass-test.asd
ironclad, ghcr.io/ocicl/ironclad@sha256:3117e5a26a3e94924074c3548c235a2b733609ed61a2731880ac9e31df55428b, ironclad-20240503-6da010f/ironclad.asd
ironclad-text, ghcr.io/ocicl/ironclad@sha256:3117e5a26a3e94924074c3548c235a2b733609ed61a2731880ac9e31df55428b, ironclad-20240503-6da010f/ironclad-text.asd
trivial-utf-8, ghcr.io/ocicl/trivial-utf-8@sha256:014e7fa0edd7f351c8b38c3247e0cdda438235bb8a086bb0f2bac08f78ef400d, trivial-utf-8-20240503-ba9b4ff/trivial-utf-8.asd
cl-isaac, ghcr.io/ocicl/cl-isaac@sha256:9240ff7f4374b7063138e16b8e5cf4d2de86416751e6970cf38ede64c0b744d5, cl-isaac-20240503-51ee060/cl-isaac.asd
